date,content,link
2025-12-01,"That line set up his argument for why Bitcoin fits this picture. “This is why I say Bitcoin is based on energy,” Musk continued. The network’s design forces miners to spend real electricity and computation to secure the system, which in his view ties digital value to the physical world.",https://finance.yahoo.com/news/elon-musk-predicts-death-money-062122615.html
2025-11-22,"Binance and its founders, including billionaire Changpeng Zhao, are facing a lawsuit in the US accusing the company of helping send millions of dollars to US- designated terrorist organisations, including Hamas and Hezbollah.",https://www.bbc.com/news/articles/c87lx2gx3yvo
2025-11-22,"The family of an elderly man conned out of close to £3,000 by compelling crypto scammers have warned others to be alert.",https://www.bbc.com/news/articles/czjplp70nwpo
2025-12-02,"Bitcoin briefly surged above $89,000 today as traders reacted to renewed ETF speculation. Analysts say institutional demand continues to build despite macro uncertainty.",https://cryptonews.example.com/btc-etf-speculation
2025-12-02,"A well-known crypto whale transferred 12,500 BTC to cold storage, sparking bullish sentiment across the market.",https://whaletracker.example.com/whale-12500btc
2025-12-01,"Ethereum developers confirmed the next network upgrade is on schedule, aiming to reduce gas fees and improve staking efficiency.",https://ethdev.example.com/upgrade-2025
2025-11-22,"Reddit users report a surge in new memecoin launches, with several projects rug-pulling within hours.",https://reddit.com/r/cryptocurrency
2025-11-22,"Major crypto exchanges experienced elevated withdrawal volume over the weekend, raising speculation that whales are preparing for a potential market rally.",https://analytics.example.com/exchange-outflows
2025-11-29,"A Bloomberg report suggests regulators may tighten stablecoin oversight early next year.",https://bloomberg.example.com/stablecoin-regulation
2025-11-22,"Solana’s ecosystem saw a spike in daily active users after a new batch of GameFi projects went live.",https://solana.example.com/gamefi-adoption
2025-11-28,"FUD spread on social media after rumors of a major exchange facing liquidity issues.",https://news.example.com/exchange-liquidity
2025-11-28,"Bitcoin mining difficulty reached a new all-time high, signaling increasing network security.",https://miningstats.example.com/difficulty-ath
2025-11-27,"A popular crypto influencer predicted a 'massive altcoin season' ahead.",https://twitter.com/crypto_influencer
2017-12-01,"That line set up his argument for why Bitcoin fits this picture...",https://finance.yahoo.com/news/elon-musk-predicts-death-money-062122615.html
2017-11-22,"Binance and its founders facing a lawsuit...",https://www.bbc.com/news/articles/c87lx2gx3yvo
2017-11-22,"The family of an elderly man conned out of £3,000...",https://www.bbc.com/news/articles/czjplp70nwpo
2017-12-02,"Bitcoin briefly surged as traders reacted to ETF speculation...",https://cryptonews.example.com/btc-etf-speculation
2017-12-02,"A crypto whale transferred 12,500 BTC to cold storage...",https://whaletracker.example.com/whale-12500btc
2017-12-01,"Ethereum developers confirmed the next network upgrade is on schedule...",https://ethdev.example.com/upgrade-2025
2017-11-22,"Reddit users report a surge in new memecoin launches...",https://reddit.com/r/cryptocurrency
2017-11-22,"Major exchanges experienced elevated withdrawal volume...",https://analytics.example.com/exchange-outflows
2017-11-29,"Regulators may tighten stablecoin oversight...",https://bloomberg.example.com/stablecoin-regulation
2017-11-22,"Solana’s ecosystem saw a spike in daily active users...",https://solana.example.com/gamefi-adoption
2017-11-28,"FUD spread on social media after liquidity rumors...",https://news.example.com/exchange-liquidity
2017-11-28,"Mining difficulty reached a new all-time high...",https://miningstats.example.com/difficulty-ath
2017-11-27,"A crypto influencer predicted a 'massive altcoin season'...",https://twitter.com/crypto_influencer
